Men,Women,Musk
Escape,Born in Roma,White Musk
The Most Wanted,Arabian Oud Floral,Rose Musk
Stronger With You,Bright Crystal,pomergranate Musk
Invictus,Mon Paris,Black Musk
Smoking Hot,Gucci Bloom,
Burberry Hero,Terre de Lumière,
Tygar Le Gemme,Silk Blossom,
Oud Wood,Sexy Graffiti,
Fucking Fabulous,Poison,
Ombre Leather,Burberry Her,
Ultra Male,Alien,
Scandal,La Tosca,
Dior Homme Intense,Scandal,
Sauvage,L’Interdit,
Bleu de Chanel,Good Girl,
Fahrenheit,Good Girl Blush,
Versace Eros,Idôle,
Valentino Born in Roma Uomo,Bare Vanilla,
Gucci Guilty,Burberry Goddess,
Aventus,Black Opium,
Red Tobacco,Coco Mademoiselle,
Cool Water,Coco Noir,
212 VIP,Gabrielle,
Hugo Boss,Gucci Flora,
One Million,Girl of Now,
Egoiste Platinum,Flowerbomb,
Roma Uomo,Casillia,
Le Male Elixir,Prada Candy,
Silver Scent,Libre,
Allure Homme Sport,Woman in Gold,
Layton,My Way,
Ambassador,Musc Noir for Her,
Pasha,Burberry Weekend,
Reflection,Hareem Al Sultan,
Portrayal,Si,
Silver Mountain Water,Si Passione,
Le Beau,Si Intense,
Imagination,Armani Code,
Ombre Nomade,Boss The Scent For Her,
Angel’s Share,La Vie Est Belle,
Back to Black,Coco Vanilla,
Noir Extreme,La Belle,
Grand Soir,This is Her,
Aoud Night,Paradiso,
Aoud Vanilla,Cinema,
Instant Crush,Divine,
Kalimaat Oud,Allure Sensuelle,
Badee Al Oud,Manifesto,
Khamrah,Not A Perfume,
Gold Dust,Erba Pura,
Shaghaf Oud,Erba Gold,
Noir Patchouli,Purple Accento,
Althair,Torino 24,
On The Beach,Rose’s Musk,
40 Knots,Caffe Intense,
Naxos,Dark Purple,
Torino 21,Starry Night,
Alexandria II,Sweet Vanilla,
,Crazy in Love,
,Vanilla Absolu,
,Vanilla Sex,
,Lost Cherry,
,Baccarat Rouge 540,
,Baccarat Rouge 540 Extrait,
,Velvet Tonka,
,Fleur du Désert,
,Diptyque Orphéon,
,Has a gun
